salesid,dateid,product_id,customer_id,quantity,price,total_amount
1,1,6304,12350,5,1186.00,5930.00
2,1,8414,3462,4,3262.00,13048.00
3,1,6517,17886,2,3160.00,6320.00
4,1,7634,78879,3,2096.00,6288.00
5,1,6009,60922,5,3391.00,16955.00
6,1,5982,4065,4,2838.00,11352.00
7,1,7139,8060,5,936.00,4680.00
8,1,8305,59469,1,3066.00,3066.00
9,1,8888,44178,3,4433.00,13299.00
10,1,7683,475,1,4121.00,4121.00
11,1,7344,8322,3,3945.00,11835.00
12,1,8476,7289,5,4538.00,22690.00
13,1,8523,78939,5,655.00,3275.00
14,1,8311,74840,1,1666.00,1666.00
15,1,8339,46765,5,886.00,4430.00
16,1,8052,11051,2,1214.00,2428.00
17,1,8626,81596,1,77.00,77.00
18,1,6971,77511,5,81.00,405.00
19,1,5734,55274,2,1750.00,3500.00
20,1,6968,67872,4,4793.00,19172.00
21,1,7467,52230,1,1729.00,1729.00
22,1,6588,13700,2,2927.00,5854.00
23,1,7782,28493,1,1626.00,1626.00
24,1,7328,40656,3,4418.00,13254.00
25,1,7916,2153,4,4636.00,18544.00
26,1,7794,60280,5,339.00,1695.00
27,1,6034,28596,5,2365.00,11825.00
28,1,7608,70948,5,4892.00,24460.00
29,1,8476,45511,4,4538.00,18152.00
30,1,6646,60509,1,2428.00,2428.00
31,1,6535,8327,5,895.00,4475.00
32,1,8573,13491,4,2718.00,10872.00
33,1,7868,6283,2,3457.00,6914.00
34,1,6241,29156,3,2263.00,6789.00
35,1,8986,3397,3,4418.00,13254.00
36,1,6530,16281,3,3602.00,10806.00
37,1,8540,1647,1,1494.00,1494.00
38,1,8518,66624,3,595.00,1785.00
39,1,8484,23964,5,4365.00,21825.00
40,1,8459,79198,5,3228.00,16140.00
41,1,8628,34789,5,1681.00,8405.00
42,1,6587,86253,5,1112.00,5560.00
43,1,6727,11016,5,3236.00,16180.00
44,1,6434,44406,4,2825.00,11300.00
45,1,8977,39977,5,3781.00,18905.00
46,1,8410,69774,1,2669.00,2669.00
47,1,7295,52204,2,3727.00,7454.00
48,1,8874,14076,3,2169.00,6507.00
49,1,6307,34071,5,1186.00,5930.00
50,1,8805,69534,4,1230.00,4920.00
51,1,7975,57106,3,176.00,528.00
52,1,6969,86331,4,1047.00,4188.00
53,1,5872,86853,2,196.00,392.00
54,1,6083,22905,5,4833.00,24165.00
55,1,6433,78291,3,3234.00,9702.00
56,1,6070,26984,2,3523.00,7046.00
57,1,6509,68476,1,3121.00,3121.00
58,1,6375,29849,5,1836.00,9180.00
59,1,7306,36652,2,86.00,172.00
60,1,7628,42404,1,2372.00,2372.00
61,1,8088,51991,4,3984.00,15936.00
62,1,7728,62810,1,4754.00,4754.00
63,1,7368,77385,3,4394.00,13182.00
64,1,8165,11945,5,4149.00,20745.00
65,1,6582,68555,1,1099.00,1099.00
66,1,7441,8500,2,2970.00,5940.00
67,1,7449,88375,3,3065.00,9195.00
68,1,8553,75496,4,1008.00,4032.00
69,1,7294,15532,4,2214.00,8856.00
70,1,8258,87363,1,2842.00,2842.00
71,1,6454,49801,2,1794.00,3588.00
72,1,6126,20709,2,3672.00,7344.00
73,1,5662,60873,5,4620.00,23100.00
74,1,7351,24602,3,565.00,1695.00
75,1,8249,63861,5,769.00,3845.00
76,1,5680,89403,3,2641.00,7923.00
77,1,6355,75028,2,2474.00,4948.00
78,1,6971,18886,2,81.00,162.00
79,1,8142,61565,1,3550.00,3550.00
80,1,5841,89387,3,3728.00,11184.00
81,1,6582,11705,3,1099.00,3297.00
82,1,8225,7922,1,4702.00,4702.00
83,1,8953,45523,4,4840.00,19360.00
84,1,7173,88997,3,3630.00,10890.00
85,1,6709,59654,5,702.00,3510.00
86,1,7765,30990,1,100.00,100.00
87,1,8693,17202,5,1521.00,7605.00
88,1,8198,18987,2,758.00,1516.00
89,1,8038,31043,3,4460.00,13380.00
90,1,5966,87552,1,1318.00,1318.00
91,1,8619,79987,2,161.00,322.00
92,1,8349,68080,5,4912.00,24560.00
93,1,8030,27140,4,2733.00,10932.00
94,1,8489,1612,5,252.00,1260.00
95,1,8847,31731,3,2417.00,7251.00
96,1,7612,14906,3,239.00,717.00
97,1,7545,35340,3,1803.00,5409.00
98,1,7852,10271,1,70.00,70.00
99,1,8071,86588,1,3861.00,3861.00
100,1,8891,2384,3,3381.00,10143.00
101,1,6958,76887,5,2906.00,14530.00
102,1,7764,28890,1,3278.00,3278.00
103,1,8541,53379,4,1527.00,6108.00
104,1,6454,66915,1,1794.00,1794.00
105,1,6387,3242,3,3408.00,10224.00
106,1,8377,21562,4,2523.00,10092.00
107,1,7656,45009,4,3120.00,12480.00
108,1,7294,31741,4,2214.00,8856.00
109,1,5643,58825,1,1619.00,1619.00
110,1,7321,8976,4,4010.00,16040.00
111,1,8048,38671,4,1797.00,7188.00
112,1,7107,14470,3,2133.00,6399.00
113,1,5662,28580,1,4620.00,4620.00
114,1,8376,27256,2,4585.00,9170.00
115,1,6708,67606,1,2279.00,2279.00
116,1,5913,36322,3,4310.00,12930.00
117,1,6142,56544,2,4415.00,8830.00
118,1,8891,60190,4,3381.00,13524.00
119,1,7321,53660,4,4010.00,16040.00
120,1,8519,72346,2,3054.00,6108.00
121,1,8486,77569,2,3589.00,7178.00
122,1,5825,48778,3,4740.00,14220.00
123,1,6759,64444,1,1350.00,1350.00
124,1,7190,13521,2,2748.00,5496.00
125,1,5980,61778,2,4793.00,9586.00
126,1,5662,47494,4,4620.00,18480.00
127,1,8395,14872,4,366.00,1464.00
128,1,6800,4831,4,2616.00,10464.00
129,1,6352,81398,3,738.00,2214.00
130,1,8335,85750,5,977.00,4885.00
131,1,7041,70332,4,534.00,2136.00
132,1,5679,46072,2,1454.00,2908.00
133,1,8213,62987,4,4656.00,18624.00
134,1,7452,24483,4,1608.00,6432.00
135,1,7030,9501,4,2933.00,11732.00
136,1,6347,30719,2,149.00,298.00
137,1,6070,65174,2,3523.00,7046.00
138,1,8629,75978,1,621.00,621.00
139,1,8189,76770,5,366.00,1830.00
140,1,5874,28156,3,4587.00,13761.00
141,1,7506,85127,5,3978.00,19890.00
142,1,6302,29432,5,1717.00,8585.00
143,1,7487,17034,2,165.00,330.00
144,1,6290,25792,3,1450.00,4350.00
145,1,8397,82935,5,412.00,2060.00
146,1,8825,10547,4,1506.00,6024.00
147,1,5940,53360,3,4598.00,13794.00
148,1,8782,23651,1,695.00,695.00
149,1,7850,27380,4,164.00,656.00
150,1,7849,21139,1,2007.00,2007.00
151,1,7518,40816,5,2570.00,12850.00
152,1,5945,54991,3,2448.00,7344.00
153,1,6348,36739,1,823.00,823.00
154,1,8108,55875,1,1038.00,1038.00
155,1,8295,50550,2,206.00,412.00
156,1,8074,71841,1,3289.00,3289.00
157,1,5809,39527,1,111.00,111.00
158,1,7520,37868,1,4711.00,4711.00
159,1,8298,65599,4,2072.00,8288.00
160,1,5672,82984,2,1276.00,2552.00
161,1,7232,44991,1,3079.00,3079.00
162,1,8179,41504,1,3582.00,3582.00
163,1,7168,79051,1,690.00,690.00
164,1,7123,28491,2,4876.00,9752.00
165,1,6031,86046,2,2403.00,4806.00
166,1,6935,85930,5,4327.00,21635.00
167,1,8449,7462,1,4885.00,4885.00
168,1,6899,46567,4,1530.00,6120.00
169,1,7162,61546,5,2514.00,12570.00
170,1,7132,54526,3,1784.00,5352.00
171,1,7385,26136,1,1818.00,1818.00
172,1,7064,2578,3,965.00,2895.00
173,1,6850,78019,5,716.00,3580.00
174,1,5668,8498,5,4805.00,24025.00
175,1,7064,79970,2,965.00,1930.00
176,1,7799,33851,1,1774.00,1774.00
177,1,6980,17826,3,2549.00,7647.00
178,1,8399,2833,2,563.00,1126.00
179,1,5888,71128,1,3797.00,3797.00
180,1,7273,72756,4,2077.00,8308.00
181,1,6355,85138,1,2474.00,2474.00
182,1,5656,22536,5,1689.00,8445.00
183,1,6356,38963,1,2224.00,2224.00
184,1,6573,61032,2,1292.00,2584.00
185,1,7951,51880,3,3892.00,11676.00
186,1,8103,59636,3,158.00,474.00
187,1,6472,40560,2,2470.00,4940.00
188,1,8968,62670,2,1829.00,3658.00
189,1,7056,404,3,3086.00,9258.00
190,1,5986,33819,3,3826.00,11478.00
191,1,6246,8698,4,4513.00,18052.00
192,1,6049,27908,2,3919.00,7838.00
193,1,5947,38982,1,2129.00,2129.00
194,1,7409,80640,2,3125.00,6250.00
195,1,7607,66718,3,1425.00,4275.00
196,1,8733,34937,1,1300.00,1300.00
197,1,6839,73439,5,3758.00,18790.00
198,1,6938,35404,4,3308.00,13232.00
199,1,8980,59770,5,2475.00,12375.00
200,1,5642,45930,5,4567.00,22835.00
201,1,8357,1483,1,2924.00,2924.00
202,1,6053,25731,4,1219.00,4876.00
203,1,6301,25726,2,2446.00,4892.00
204,1,7994,54983,4,2176.00,8704.00
205,1,8234,34987,3,169.00,507.00
206,1,6538,69267,3,2256.00,6768.00
207,1,6162,70119,1,3522.00,3522.00
208,1,8466,19554,1,3965.00,3965.00
209,1,8082,5296,3,1533.00,4599.00
210,1,6346,76989,5,3045.00,15225.00
211,1,8774,26528,4,1765.00,7060.00
212,1,7500,55040,1,3285.00,3285.00
213,1,6601,22958,1,4661.00,4661.00
214,1,8532,56127,4,937.00,3748.00
215,1,7983,70095,5,3339.00,16695.00
216,1,5911,43830,3,4555.00,13665.00
217,1,6850,45815,2,716.00,1432.00
218,1,7047,72784,5,4434.00,22170.00
219,1,8035,57779,1,4973.00,4973.00
220,1,6754,64502,1,2813.00,2813.00
221,1,8191,64169,1,4587.00,4587.00
222,1,6932,21474,5,2176.00,10880.00
223,1,8886,65358,5,1334.00,6670.00
224,1,5756,21336,1,4270.00,4270.00
225,1,5611,42880,1,1544.00,1544.00
226,1,5650,44465,5,4884.00,24420.00
227,1,8539,354,2,2420.00,4840.00
228,1,7987,17865,1,1535.00,1535.00
229,1,6754,63697,1,2813.00,2813.00
230,1,8321,40214,5,2125.00,10625.00
231,1,6210,52995,2,760.00,1520.00
232,1,6485,278,4,2909.00,11636.00
233,1,6594,33568,3,1411.00,4233.00
234,1,8145,126,4,1143.00,4572.00
235,1,8390,30013,3,4096.00,12288.00
236,1,8512,71339,5,3430.00,17150.00
237,1,5635,66833,2,149.00,298.00
238,1,6787,22564,3,2005.00,6015.00
239,1,8477,56701,3,1235.00,3705.00
240,1,6758,33497,5,4019.00,20095.00
241,1,5709,66329,4,157.00,628.00
242,1,6814,64616,4,2797.00,11188.00
243,1,5727,83245,5,2463.00,12315.00
244,1,8536,2361,2,4846.00,9692.00
245,1,7319,29062,3,4464.00,13392.00
246,1,5652,79352,1,90.00,90.00
247,1,8450,53768,4,1077.00,4308.00
248,1,7840,73045,3,3143.00,9429.00
249,1,8204,87331,5,4309.00,21545.00
250,1,8964,19277,4,314.00,1256.00
251,1,8941,6134,3,4224.00,12672.00
252,1,7540,24677,1,4446.00,4446.00
253,1,7434,43135,2,630.00,1260.00
254,1,8039,53042,1,935.00,935.00
255,1,7565,3731,5,2498.00,12490.00
256,1,8203,20452,4,4007.00,16028.00
257,1,6312,15438,1,3996.00,3996.00
258,1,6169,9165,1,4232.00,4232.00
259,1,7110,39907,3,4974.00,14922.00
260,1,7901,74111,3,1196.00,3588.00
261,1,6671,54740,3,2601.00,7803.00
262,1,6537,88721,5,601.00,3005.00
263,1,6060,14052,1,227.00,227.00
264,1,7281,15730,3,2448.00,7344.00
265,1,8311,38562,1,1666.00,1666.00
266,1,8103,84141,2,158.00,316.00
267,1,5910,11776,1,4876.00,4876.00
268,1,8970,81131,5,2870.00,14350.00
269,1,7833,77529,4,426.00,1704.00
270,1,6897,6330,1,4787.00,4787.00
271,1,7942,69964,3,2183.00,6549.00
272,1,7609,30990,4,3920.00,15680.00
273,1,7801,34935,5,594.00,2970.00
274,1,7051,67915,5,580.00,2900.00
275,1,8770,87752,3,4533.00,13599.00
276,1,7575,6523,2,3761.00,7522.00
277,1,5709,45988,1,157.00,157.00
278,1,8981,3102,5,3089.00,15445.00
279,1,7697,81478,5,4202.00,21010.00
280,1,7753,88500,4,1153.00,4612.00
281,1,5690,11903,2,2560.00,5120.00
282,1,6719,25432,1,4217.00,4217.00
283,1,8075,45517,2,618.00,1236.00
284,1,7906,81278,3,1951.00,5853.00
285,1,5652,4759,3,90.00,270.00
286,1,6090,9600,1,1292.00,1292.00
287,1,8940,52951,4,3715.00,14860.00
288,1,6267,88828,1,2748.00,2748.00
289,1,7380,50630,4,1461.00,5844.00
290,1,6882,76886,1,2740.00,2740.00
291,1,5960,4483,2,1126.00,2252.00
292,1,5911,41952,4,4555.00,18220.00
293,1,7680,9882,2,973.00,1946.00
294,1,6917,1764,3,490.00,1470.00
295,1,6978,23402,1,1782.00,1782.00
296,1,6936,9787,4,3340.00,13360.00
297,1,8502,28683,3,264.00,792.00
298,1,5654,46387,3,3861.00,11583.00
299,1,5607,19231,1,1164.00,1164.00
300,1,7365,46684,5,2741.00,13705.00
301,1,8136,30567,5,1755.00,8775.00
302,1,6386,43415,3,3572.00,10716.00
303,1,8941,58326,2,4224.00,8448.00
304,1,6868,33540,4,4800.00,19200.00
305,1,7740,70604,5,4415.00,22075.00
306,1,5706,6148,5,317.00,1585.00
307,1,8532,58827,2,937.00,1874.00
308,1,7518,79647,4,2570.00,10280.00
309,1,6040,56116,5,4221.00,21105.00
310,1,8854,30594,1,1492.00,1492.00
311,1,7186,10510,3,2691.00,8073.00
312,1,6315,77783,3,4825.00,14475.00
313,1,8156,53869,4,2011.00,8044.00
314,1,8969,57147,2,4612.00,9224.00
315,1,7009,11809,2,4850.00,9700.00
316,1,6932,76483,4,2176.00,8704.00
317,1,8967,24593,5,4385.00,21925.00
318,1,8005,9600,4,3558.00,14232.00
319,1,6123,18088,5,4075.00,20375.00
320,1,6154,58622,1,1122.00,1122.00
321,1,7204,59580,3,4523.00,13569.00
322,1,8313,38455,4,2036.00,8144.00
323,1,6782,21568,3,2391.00,7173.00
324,1,6749,25232,5,1544.00,7720.00
325,1,6841,7182,2,1816.00,3632.00
326,1,6681,56627,3,836.00,2508.00
327,1,8225,23997,3,4702.00,14106.00
328,1,6451,61744,4,3339.00,13356.00
329,1,7834,78076,4,1109.00,4436.00
330,1,6276,45518,3,522.00,1566.00
331,1,7971,76138,2,405.00,810.00
332,1,5901,67505,3,1812.00,5436.00
333,1,7954,11093,5,3590.00,17950.00
334,1,5941,51498,4,3577.00,14308.00
335,1,7591,75334,1,3770.00,3770.00
336,1,8685,64164,1,512.00,512.00
337,1,7381,50173,3,1243.00,3729.00
338,1,8635,38477,5,122.00,610.00
339,1,6168,73192,5,1638.00,8190.00
340,1,7409,30126,4,3125.00,12500.00
341,1,6866,32566,1,2869.00,2869.00
342,1,8024,28746,3,4506.00,13518.00
343,1,6703,31916,4,1007.00,4028.00
344,1,5834,8722,2,1877.00,3754.00
345,1,8313,80073,4,2036.00,8144.00
346,1,7241,39348,3,993.00,2979.00
347,1,8589,32672,4,631.00,2524.00
348,1,7788,66731,1,4244.00,4244.00
349,1,8861,41732,5,661.00,3305.00
350,1,6638,16201,5,3802.00,19010.00
351,1,6646,86126,3,2428.00,7284.00
352,1,8489,41474,4,252.00,1008.00
353,1,6440,27724,1,3674.00,3674.00
354,1,7002,61178,1,1500.00,1500.00
355,1,6462,6947,5,2616.00,13080.00
356,1,6946,84691,2,1061.00,2122.00
357,1,7881,83840,3,2414.00,7242.00
358,1,6325,7680,4,4073.00,16292.00
359,1,5880,84912,3,431.00,1293.00
360,1,7164,41252,5,2018.00,10090.00
361,1,7296,38550,2,3079.00,6158.00
362,1,6276,58164,5,522.00,2610.00
363,1,6785,36163,3,4764.00,14292.00
364,1,7343,56929,3,4338.00,13014.00
365,1,7917,38,3,2254.00,6762.00
366,1,8429,29854,2,3156.00,6312.00
367,1,6162,14003,5,3522.00,17610.00
368,1,6282,33144,1,1668.00,1668.00
369,1,7078,66848,1,1444.00,1444.00
370,1,5664,72823,2,3546.00,7092.00
371,1,7628,23814,5,2372.00,11860.00
372,1,6374,28736,2,1860.00,3720.00
373,1,7098,40638,5,3803.00,19015.00
374,1,7385,60672,1,1818.00,1818.00
375,1,6032,5295,3,2910.00,8730.00
376,1,8518,40427,4,595.00,2380.00
377,1,6535,53632,5,895.00,4475.00
378,1,8749,67670,2,4418.00,8836.00
379,1,6019,14572,5,1419.00,7095.00
380,1,6882,20970,2,2740.00,5480.00
381,1,8758,15189,3,3775.00,11325.00
382,1,7660,65753,5,3254.00,16270.00
383,1,6521,85198,1,2873.00,2873.00
384,1,6551,19188,3,1078.00,3234.00
385,1,8018,47327,2,4300.00,8600.00
386,1,6484,75291,2,3975.00,7950.00
387,1,5678,89484,3,3706.00,11118.00
388,1,8024,87466,2,4506.00,9012.00
389,1,5708,87243,5,1569.00,7845.00
390,1,8714,13566,3,3174.00,9522.00
391,1,7342,40210,4,2062.00,8248.00
392,1,7131,2960,2,887.00,1774.00
393,1,7791,42201,5,2138.00,10690.00
394,1,5829,82711,4,4439.00,17756.00
395,1,6315,18400,4,4825.00,19300.00
396,1,8462,62121,3,2281.00,6843.00
397,1,7769,76154,4,3048.00,12192.00
398,1,6020,14122,2,3279.00,6558.00
399,1,6813,64986,1,1519.00,1519.00
400,1,7591,487,2,3770.00,7540.00
401,1,5668,2165,4,4805.00,19220.00
402,1,8796,25477,4,528.00,2112.00
403,1,5670,64661,4,2853.00,11412.00
404,1,8492,20898,1,4091.00,4091.00
405,1,6773,17915,4,3516.00,14064.00
406,1,8192,87092,1,2559.00,2559.00
407,1,5613,14687,2,1119.00,2238.00
408,1,6253,78356,4,1763.00,7052.00
409,1,7872,43466,5,576.00,2880.00
410,1,6602,77381,4,565.00,2260.00
411,1,8073,2085,3,4440.00,13320.00
412,1,6042,23449,5,4820.00,24100.00
413,1,8094,47924,3,858.00,2574.00
414,1,7701,28114,4,802.00,3208.00
415,1,7903,6287,3,797.00,2391.00
416,1,6299,61359,1,2864.00,2864.00
417,1,8480,19076,5,720.00,3600.00
418,1,7009,79429,5,4850.00,24250.00
419,1,6302,60627,5,1717.00,8585.00
420,1,6909,50736,3,3620.00,10860.00
421,1,6990,45673,4,406.00,1624.00
422,1,5831,45150,2,4728.00,9456.00
423,1,7766,40182,5,3656.00,18280.00
424,1,8918,46566,2,2420.00,4840.00
425,1,5725,84912,3,1304.00,3912.00
426,1,8817,18729,1,1233.00,1233.00
427,1,6129,30213,2,2665.00,5330.00
428,1,6098,6403,5,2273.00,11365.00
429,1,7475,62889,4,3649.00,14596.00
430,1,6214,86343,2,4748.00,9496.00
431,1,6099,48141,1,2117.00,2117.00
432,1,7978,41996,1,4189.00,4189.00
433,1,6725,28444,5,4797.00,23985.00
434,1,5662,60077,4,4620.00,18480.00
435,1,8647,88478,3,3823.00,11469.00
436,1,8081,45226,3,3783.00,11349.00
437,1,6303,81099,4,2098.00,8392.00
438,1,6573,43134,5,1292.00,6460.00
439,1,7960,3593,1,321.00,321.00
440,1,6753,48024,5,558.00,2790.00
441,1,8317,85601,5,1130.00,5650.00
442,1,8177,54556,5,3101.00,15505.00
443,1,6738,17855,4,4884.00,19536.00
444,1,8203,71529,2,4007.00,8014.00
445,1,8324,9549,5,3654.00,18270.00
446,1,6739,42165,1,230.00,230.00
447,1,7934,66817,2,4391.00,8782.00
448,1,8363,40303,1,4895.00,4895.00
449,1,7188,85871,4,4337.00,17348.00
450,1,7218,28430,1,3326.00,3326.00
451,1,7879,83773,2,513.00,1026.00
452,1,6612,6740,3,4690.00,14070.00
453,1,7638,15235,4,3758.00,15032.00
454,1,6666,45394,1,296.00,296.00
455,1,6565,82008,4,2892.00,11568.00
456,1,6099,70118,4,2117.00,8468.00
457,1,6316,20907,5,4070.00,20350.00
458,1,7035,76732,3,1223.00,3669.00
459,1,6145,74286,2,280.00,560.00
460,1,7449,23090,2,3065.00,6130.00
461,1,8850,61330,3,1827.00,5481.00
462,1,8820,46285,3,3202.00,9606.00
463,1,7115,27553,1,169.00,169.00
464,1,6377,12241,5,79.00,395.00
465,1,8909,22084,1,3166.00,3166.00
466,1,8347,9560,5,4404.00,22020.00
467,1,6754,48671,4,2813.00,11252.00
468,1,7917,35971,2,2254.00,4508.00
469,1,8881,22750,1,2296.00,2296.00
470,1,5763,40379,4,1823.00,7292.00
471,1,7896,37856,1,3911.00,3911.00
472,1,7319,39324,1,4464.00,4464.00
473,1,6215,80192,5,3095.00,15475.00
474,1,8265,84884,4,762.00,3048.00
475,1,8487,86170,3,2260.00,6780.00
476,1,5808,31541,5,4182.00,20910.00
477,1,7474,87487,3,654.00,1962.00
478,1,7709,80166,3,606.00,1818.00
479,1,6220,85014,2,1015.00,2030.00
480,1,6839,22085,4,3758.00,15032.00
481,1,5764,14125,4,4884.00,19536.00
482,1,5927,47767,2,897.00,1794.00
483,1,6301,37001,5,2446.00,12230.00
484,1,6681,971,4,836.00,3344.00
485,1,8963,57717,2,2639.00,5278.00
486,1,8685,78770,4,512.00,2048.00
487,1,8151,67508,3,709.00,2127.00
488,1,8111,16538,3,2622.00,7866.00
489,1,8302,48844,1,1229.00,1229.00
490,1,6493,12799,1,2985.00,2985.00
491,1,7689,43629,3,2216.00,6648.00
492,1,7826,35281,1,1188.00,1188.00
493,1,7217,52101,1,715.00,715.00
494,1,7180,77460,2,2879.00,5758.00
495,1,8555,27293,3,224.00,672.00
496,1,8459,68510,3,3228.00,9684.00
497,1,7473,76,3,2700.00,8100.00
498,1,6142,55538,5,4415.00,22075.00
499,1,8873,27435,5,3442.00,17210.00
500,1,8339,81168,1,886.00,886.00
501,1,6608,8336,1,1928.00,1928.00
502,1,7471,79176,5,4620.00,23100.00
503,1,6762,27600,1,3223.00,3223.00
504,1,5772,75714,5,4214.00,21070.00
505,1,8817,50690,5,1233.00,6165.00
506,1,6098,69384,2,2273.00,4546.00
507,1,8982,20998,3,3426.00,10278.00
508,1,6103,85814,3,1818.00,5454.00
509,1,7957,45325,4,4109.00,16436.00
510,1,7592,7517,3,4297.00,12891.00
511,1,7766,6771,2,3656.00,7312.00
512,1,6080,68131,5,3004.00,15020.00
513,1,6167,15273,2,1210.00,2420.00
514,1,6618,14027,2,4748.00,9496.00
515,1,6215,67616,5,3095.00,15475.00
516,1,7071,66389,3,1727.00,5181.00
517,1,8885,30735,1,2901.00,2901.00
518,1,7977,13706,4,4157.00,16628.00
519,1,6194,22156,4,3580.00,14320.00
520,1,7680,64331,2,973.00,1946.00
521,1,8484,51028,3,4365.00,13095.00
522,1,7661,82924,2,4446.00,8892.00
523,1,6968,45909,1,4793.00,4793.00
524,1,5954,25125,5,1751.00,8755.00
525,1,7150,34419,1,3727.00,3727.00
526,1,8170,14509,2,3474.00,6948.00
527,1,7015,45870,4,3096.00,12384.00
528,1,6668,30980,1,2037.00,2037.00
529,1,6049,18301,5,3919.00,19595.00
530,1,8960,67488,2,1603.00,3206.00
531,1,7923,9812,3,369.00,1107.00
532,1,8191,59199,2,4587.00,9174.00
533,1,8499,9774,4,3386.00,13544.00
534,1,5650,65623,3,4884.00,14652.00
535,1,7533,54334,4,4172.00,16688.00
536,1,6010,63480,4,4463.00,17852.00
537,1,8854,52825,3,1492.00,4476.00
538,1,8860,48960,4,1741.00,6964.00
539,1,5951,25294,5,3299.00,16495.00
540,1,8692,59559,5,3459.00,17295.00
541,1,7241,20809,2,993.00,1986.00
542,1,5714,55132,2,1845.00,3690.00
543,1,6139,51616,2,1139.00,2278.00
544,1,5809,38941,3,111.00,333.00
545,1,7392,55987,4,3974.00,15896.00
546,1,8417,12241,4,1882.00,7528.00
547,1,8910,23657,3,3698.00,11094.00
548,1,6521,43955,3,2873.00,8619.00
549,1,7994,87117,3,2176.00,6528.00
550,1,6390,58810,1,2830.00,2830.00
551,1,6295,55547,5,282.00,1410.00
552,1,6409,71152,5,4413.00,22065.00
553,1,8580,13709,3,220.00,660.00
554,1,5633,73202,5,3415.00,17075.00
555,1,5706,68512,2,317.00,634.00
556,1,8760,18075,1,2356.00,2356.00
557,1,8603,75531,3,509.00,1527.00
558,1,6013,56290,2,1456.00,2912.00
559,1,7174,82448,2,1091.00,2182.00
560,1,7974,59347,4,1131.00,4524.00
561,1,7849,37628,1,2007.00,2007.00
562,1,7981,16349,4,3451.00,13804.00
563,1,7473,57072,5,2700.00,13500.00
564,1,8294,64389,2,4058.00,8116.00
565,1,6731,85324,5,4074.00,20370.00
566,1,8487,51092,1,2260.00,2260.00
567,1,7486,52843,2,1344.00,2688.00
568,1,6329,89121,1,4682.00,4682.00
569,1,8803,46669,4,310.00,1240.00
570,1,8301,16069,3,1594.00,4782.00
571,1,6833,16003,1,1482.00,1482.00
572,1,6484,51614,1,3975.00,3975.00
573,1,8940,35510,2,3715.00,7430.00
574,1,8841,13700,3,4660.00,13980.00
575,1,8885,9208,2,2901.00,5802.00
576,1,8711,59393,3,3391.00,10173.00
577,1,8407,59208,2,4725.00,9450.00
578,1,8318,64929,5,4610.00,23050.00
579,1,6218,7919,2,4495.00,8990.00
580,1,7015,29297,5,3096.00,15480.00
581,1,7491,67035,2,1434.00,2868.00
582,1,6060,31084,2,227.00,454.00
583,1,7449,84864,5,3065.00,15325.00
584,1,7890,63852,1,4621.00,4621.00
585,1,7571,70458,3,1024.00,3072.00
586,1,8251,86442,4,3029.00,12116.00
587,1,7223,6418,3,2483.00,7449.00
588,1,8895,50732,5,1729.00,8645.00
589,1,7192,8054,2,918.00,1836.00
590,1,7500,33769,2,3285.00,6570.00
591,1,7594,67793,1,827.00,827.00
592,1,5861,17535,5,3973.00,19865.00
593,1,5758,44801,2,294.00,588.00
594,1,6302,45226,3,1717.00,5151.00
595,1,8915,56240,2,972.00,1944.00
596,1,7003,10223,4,3186.00,12744.00
597,1,8135,66313,1,4438.00,4438.00
598,1,6047,89967,5,3056.00,15280.00
599,1,6969,40096,1,1047.00,1047.00
600,1,7142,54474,5,147.00,735.00
601,1,8962,70414,1,2618.00,2618.00
602,1,7355,56037,2,1958.00,3916.00
603,1,7277,66362,5,4321.00,21605.00
604,1,6931,13357,2,4895.00,9790.00
605,1,8894,21260,1,640.00,640.00
606,1,5683,57710,1,2310.00,2310.00
607,1,8198,16985,1,758.00,758.00
608,1,6594,31387,4,1411.00,5644.00
609,1,8146,3962,4,2768.00,11072.00
610,1,7474,15021,5,654.00,3270.00
611,1,5740,89750,2,1465.00,2930.00
612,1,7384,87048,1,650.00,650.00
613,1,8460,61087,2,598.00,1196.00
614,1,7840,16339,2,3143.00,6286.00
615,1,7287,47779,2,1010.00,2020.00
616,1,8822,33409,4,4683.00,18732.00
617,1,8193,34528,1,2242.00,2242.00
618,1,7566,14090,2,1137.00,2274.00
619,1,6975,4905,2,1201.00,2402.00
620,1,7745,3162,5,797.00,3985.00
621,1,7897,47034,1,3578.00,3578.00
622,1,8099,3754,3,1831.00,5493.00
623,1,6916,70735,1,888.00,888.00
624,1,8987,79528,5,1188.00,5940.00
625,1,8305,65337,4,3066.00,12264.00
626,1,8342,87172,3,700.00,2100.00
627,1,6050,57019,5,4182.00,20910.00
628,1,8035,21305,2,4973.00,9946.00
629,1,8862,88420,3,2956.00,8868.00
630,1,7190,26746,2,2748.00,5496.00
631,1,6600,57300,1,506.00,506.00
632,1,6189,79152,2,1118.00,2236.00
633,1,8386,23486,2,3081.00,6162.00
634,1,8560,1020,4,4247.00,16988.00
635,1,6222,18886,4,1617.00,6468.00
636,1,7513,6962,5,1319.00,6595.00
637,1,6436,51930,5,3413.00,17065.00
638,1,5931,64875,1,4912.00,4912.00
639,1,8336,57331,4,4572.00,18288.00
640,1,5834,82416,3,1877.00,5631.00
641,1,8932,56992,3,4842.00,14526.00
642,1,6646,14944,1,2428.00,2428.00
643,1,7558,62394,2,2262.00,4524.00
644,1,7978,75129,1,4189.00,4189.00
645,1,6412,23910,4,938.00,3752.00
646,1,7635,82420,5,4829.00,24145.00
647,1,8804,22526,2,3116.00,6232.00
648,1,8302,60859,2,1229.00,2458.00
649,1,8820,27805,5,3202.00,16010.00
650,1,7946,35603,2,2746.00,5492.00
651,1,8817,19803,3,1233.00,3699.00
652,1,5780,71185,3,1071.00,3213.00
653,1,7470,82799,4,4979.00,19916.00
654,1,6535,71872,3,895.00,2685.00
655,1,6197,32376,4,698.00,2792.00
656,1,6583,81091,1,4728.00,4728.00
657,1,8666,35965,4,1369.00,5476.00
658,1,5642,7121,3,4567.00,13701.00
659,1,7302,6227,3,1683.00,5049.00
660,1,6329,32555,2,4682.00,9364.00
661,1,5804,88645,2,387.00,774.00
662,1,8284,21576,5,4455.00,22275.00
663,1,6232,68173,5,3443.00,17215.00
664,1,6187,6997,4,2864.00,11456.00
665,1,5669,26570,5,1983.00,9915.00
666,1,8076,4562,2,3401.00,6802.00
667,1,6058,33803,2,57.00,114.00
668,1,5985,62600,2,653.00,1306.00
669,1,7170,41976,2,1114.00,2228.00
670,1,7501,76166,5,4392.00,21960.00
671,1,5681,31623,3,1062.00,3186.00
672,1,7536,30960,1,496.00,496.00
673,1,7983,85952,3,3339.00,10017.00
674,1,8701,52948,2,3654.00,7308.00
675,1,5958,44154,4,2683.00,10732.00
676,1,6716,68618,5,3999.00,19995.00
677,1,8731,45340,2,146.00,292.00
678,1,6314,38946,3,3725.00,11175.00
679,1,8299,81467,2,3078.00,6156.00
680,1,7648,46476,1,863.00,863.00
681,1,8953,88690,1,4840.00,4840.00
682,1,5949,18707,4,2516.00,10064.00
683,1,7962,27940,4,2130.00,8520.00
684,1,7832,13471,3,3238.00,9714.00
685,1,6087,32720,1,2008.00,2008.00
686,1,8804,42809,4,3116.00,12464.00
687,1,7745,28936,2,797.00,1594.00
688,1,7260,56689,3,3291.00,9873.00
689,1,6325,41311,1,4073.00,4073.00
690,1,8817,3485,3,1233.00,3699.00
691,1,6352,57987,5,738.00,3690.00
692,1,7113,44406,1,3454.00,3454.00
693,1,6805,37108,2,566.00,1132.00
694,1,7270,38622,2,3389.00,6778.00
695,1,6235,42490,3,1134.00,3402.00
696,1,6857,14679,1,2237.00,2237.00
697,1,7701,89368,4,802.00,3208.00
698,1,6916,12096,3,888.00,2664.00
699,1,8646,2533,5,579.00,2895.00
700,1,7892,43212,2,560.00,1120.00
701,1,7019,43364,3,2988.00,8964.00
702,1,8052,32558,1,1214.00,1214.00
703,1,7401,72327,4,3701.00,14804.00
704,1,6784,18846,4,4430.00,17720.00
705,1,8840,3746,1,4114.00,4114.00
706,1,8683,69854,5,4416.00,22080.00
707,1,6857,7475,5,2237.00,11185.00
708,1,6636,55736,2,1767.00,3534.00
709,1,7740,16069,2,4415.00,8830.00
710,1,7109,59932,2,1086.00,2172.00
711,1,7312,23511,4,2778.00,11112.00
712,1,7826,87074,2,1188.00,2376.00
713,1,6245,70536,3,527.00,1581.00
714,1,6980,54019,1,2549.00,2549.00
715,1,7518,37448,1,2570.00,2570.00
716,1,6974,10906,5,2341.00,11705.00
717,1,8158,52983,1,2310.00,2310.00
718,1,6485,38320,1,2909.00,2909.00
719,1,7518,21154,5,2570.00,12850.00
720,1,7514,64981,2,1510.00,3020.00
721,1,6503,19861,3,4635.00,13905.00
722,1,6429,76822,4,1711.00,6844.00
723,1,8130,33655,4,1095.00,4380.00
724,1,6871,64820,5,1119.00,5595.00
725,1,6926,20727,1,927.00,927.00
726,1,8660,52917,1,90.00,90.00
727,1,7031,28612,1,1513.00,1513.00
728,1,7685,82086,5,280.00,1400.00
729,1,7345,7192,2,143.00,286.00
730,1,7132,73390,2,1784.00,3568.00
731,1,7348,58921,1,3009.00,3009.00
732,1,8668,50098,1,176.00,176.00
733,1,5927,24065,1,897.00,897.00
734,1,8822,89511,5,4683.00,23415.00
735,1,5845,24859,4,3593.00,14372.00
736,1,7641,68052,5,3189.00,15945.00
737,1,6879,20882,3,562.00,1686.00
738,1,6635,58573,4,1173.00,4692.00
739,1,8533,17505,4,1611.00,6444.00
740,1,6259,57262,4,4028.00,16112.00
741,1,7339,71132,3,4710.00,14130.00
742,1,6309,16593,3,3195.00,9585.00
743,1,7515,73347,2,612.00,1224.00
744,1,6724,40916,1,4622.00,4622.00
745,1,5966,88373,3,1318.00,3954.00
746,1,6055,72057,3,3955.00,11865.00
747,1,6131,26399,2,2011.00,4022.00
748,1,8239,64719,4,4986.00,19944.00
749,1,7883,35365,5,879.00,4395.00
750,1,7342,55050,5,2062.00,10310.00
751,1,7983,52938,2,3339.00,6678.00
752,1,6499,74608,1,1503.00,1503.00
753,1,7716,58212,2,3978.00,7956.00
754,1,8139,60954,1,1250.00,1250.00
755,1,8312,19489,1,973.00,973.00
756,1,5959,6072,3,1251.00,3753.00
757,1,7024,22452,2,4383.00,8766.00
758,1,6326,54649,2,1769.00,3538.00
759,1,6499,51992,2,1503.00,3006.00
760,1,6637,48892,2,3973.00,7946.00
761,1,8627,61971,5,1536.00,7680.00
762,1,7465,14048,5,2398.00,11990.00
763,1,8210,86082,1,1454.00,1454.00
764,1,6189,6961,3,1118.00,3354.00
765,1,5736,40084,2,3481.00,6962.00
766,1,5930,17668,1,438.00,438.00
767,1,8316,50475,4,1363.00,5452.00
768,1,7459,69374,2,2499.00,4998.00
769,1,8903,83329,3,2430.00,7290.00
770,1,7249,12652,3,2763.00,8289.00
771,1,7597,27787,3,4263.00,12789.00
772,1,7685,75574,2,280.00,560.00
773,1,8712,78375,2,3036.00,6072.00
774,1,7952,40535,3,1765.00,5295.00
775,1,6032,55060,4,2910.00,11640.00
776,1,6924,55502,3,3719.00,11157.00
777,1,6776,4808,3,3128.00,9384.00
778,1,7212,67852,3,2316.00,6948.00
779,1,7432,76025,3,2649.00,7947.00
780,1,5763,42816,1,1823.00,1823.00
781,1,7278,35779,4,4740.00,18960.00
782,1,8127,57957,3,3924.00,11772.00
783,1,7117,75549,3,3432.00,10296.00
784,1,8697,40890,5,4457.00,22285.00
785,1,6143,72372,2,2633.00,5266.00
786,1,7539,84832,1,3459.00,3459.00
787,1,7831,83697,1,3709.00,3709.00
788,1,6541,27593,2,4250.00,8500.00
789,1,7460,7688,1,1455.00,1455.00
790,1,8714,37356,4,3174.00,12696.00
791,1,6060,40272,5,227.00,1135.00
792,1,8166,84934,5,4644.00,23220.00
793,1,5636,33733,3,212.00,636.00
794,1,7781,82453,4,3439.00,13756.00
795,1,5643,56840,1,1619.00,1619.00
796,1,5698,79739,3,900.00,2700.00
797,1,7733,2487,4,2172.00,8688.00
798,1,6421,31174,1,2645.00,2645.00
799,1,6242,10584,4,1561.00,6244.00
800,1,7113,23629,4,3454.00,13816.00
801,1,8106,87551,3,769.00,2307.00
802,1,6131,62945,1,2011.00,2011.00
803,1,6866,44837,1,2869.00,2869.00
804,1,6530,26428,4,3602.00,14408.00
805,1,8131,80827,5,1511.00,7555.00
806,1,5872,64690,4,196.00,784.00
807,1,7475,54429,2,3649.00,7298.00
808,1,7381,11877,1,1243.00,1243.00
809,1,5652,87986,5,90.00,450.00
810,1,7493,12525,2,432.00,864.00
811,1,6724,41187,4,4622.00,18488.00
812,1,7411,67706,1,2679.00,2679.00
813,1,8323,88362,2,755.00,1510.00
814,1,6213,4774,2,4752.00,9504.00
815,1,7068,7601,1,4323.00,4323.00
816,1,6546,18703,5,4330.00,21650.00
817,1,6245,60215,1,527.00,527.00
818,1,8699,9427,3,2016.00,6048.00
819,1,8066,72232,2,3537.00,7074.00
820,1,7419,25669,1,4383.00,4383.00
821,1,5707,32346,5,3776.00,18880.00
822,1,7976,40498,3,3490.00,10470.00
823,1,6450,49801,5,2741.00,13705.00
824,1,7320,2387,2,2892.00,5784.00
825,1,7558,24979,4,2262.00,9048.00
826,1,6963,8933,2,3423.00,6846.00
827,1,7983,46027,3,3339.00,10017.00
828,1,8608,9302,5,2097.00,10485.00
829,1,7975,29079,5,176.00,880.00
830,1,6591,37528,2,709.00,1418.00
831,1,8050,3968,2,91.00,182.00
832,1,7764,6189,5,3278.00,16390.00
833,1,8055,22452,2,528.00,1056.00
834,1,7592,60233,1,4297.00,4297.00
835,1,7681,4365,3,704.00,2112.00
836,1,7988,69321,2,637.00,1274.00
837,1,8189,86355,1,366.00,366.00
838,1,8294,57310,3,4058.00,12174.00
839,1,5916,9993,3,3661.00,10983.00
840,1,7648,71817,2,863.00,1726.00
841,1,7863,69412,4,3444.00,13776.00
842,1,8411,20129,5,2828.00,14140.00
843,1,6583,80731,3,4728.00,14184.00
844,1,6033,52176,1,4726.00,4726.00
845,1,5675,17205,4,3847.00,15388.00
846,1,6929,25653,4,727.00,2908.00
847,1,7462,49759,3,4065.00,12195.00
848,1,7271,29373,3,2259.00,6777.00
849,1,7439,40091,5,2279.00,11395.00
850,1,8608,11386,5,2097.00,10485.00
851,1,5734,10952,2,1750.00,3500.00
852,1,6645,50104,4,3991.00,15964.00
853,1,6320,23969,4,2958.00,11832.00
854,1,8489,43702,5,252.00,1260.00
855,1,6033,75751,4,4726.00,18904.00
856,1,7874,87335,4,3290.00,13160.00
857,1,7432,74635,5,2649.00,13245.00
858,1,8707,58518,3,1708.00,5124.00
859,1,7355,56872,5,1958.00,9790.00
860,1,6360,61987,3,951.00,2853.00
861,1,8773,74839,3,2289.00,6867.00
862,1,5997,68652,5,3618.00,18090.00
863,1,7132,63102,1,1784.00,1784.00
864,1,6741,58863,1,445.00,445.00
865,1,8986,85531,5,4418.00,22090.00
866,1,7833,6694,4,426.00,1704.00
867,1,7675,13708,1,3649.00,3649.00
868,1,5921,60071,5,2576.00,12880.00
869,1,8500,11135,2,3600.00,7200.00
870,1,6080,12823,1,3004.00,3004.00
871,1,8192,4713,3,2559.00,7677.00
872,1,8370,69831,5,2061.00,10305.00
873,1,7584,64187,1,1453.00,1453.00
874,1,8529,25733,1,3745.00,3745.00
875,1,7667,72787,4,532.00,2128.00
876,1,5866,25972,2,1848.00,3696.00
877,1,6281,31009,1,2198.00,2198.00
878,1,7227,60135,5,2005.00,10025.00
879,1,8328,26246,4,1289.00,5156.00
880,1,6511,24501,3,3019.00,9057.00
881,1,6023,24658,5,1040.00,5200.00
882,1,8394,73199,2,532.00,1064.00
883,1,5681,34433,2,1062.00,2124.00
884,1,8942,31750,5,2070.00,10350.00
885,1,6512,66218,4,2443.00,9772.00
886,1,6892,35153,4,2095.00,8380.00
887,1,5805,19824,3,1638.00,4914.00
888,1,6617,89157,3,301.00,903.00
889,1,8543,6237,1,1135.00,1135.00
890,1,7836,86811,2,4633.00,9266.00
891,1,8847,81398,1,2417.00,2417.00
892,1,8459,27166,1,3228.00,3228.00
893,1,7063,44229,1,1340.00,1340.00
894,1,7255,44443,4,334.00,1336.00
895,1,8878,47064,3,1903.00,5709.00
896,1,8277,60415,4,4908.00,19632.00
897,1,5849,15345,4,314.00,1256.00
898,1,7910,75334,3,908.00,2724.00
899,1,6165,54841,2,1729.00,3458.00
900,1,6222,58086,3,1617.00,4851.00
901,1,8697,89554,1,4457.00,4457.00
902,1,6570,5435,4,446.00,1784.00
903,1,7066,3204,3,881.00,2643.00
904,1,8841,3578,1,4660.00,4660.00
905,1,6920,47489,3,3856.00,11568.00
906,1,8541,5956,1,1527.00,1527.00
907,1,6326,49881,1,1769.00,1769.00
908,1,7176,12230,1,3494.00,3494.00
909,1,6289,85589,2,500.00,1000.00
910,1,5912,88851,1,4662.00,4662.00
911,1,7543,3390,3,2012.00,6036.00
912,1,7256,46038,4,3566.00,14264.00
913,1,8962,53045,3,2618.00,7854.00
914,1,8271,55803,1,1048.00,1048.00
915,1,7320,34362,1,2892.00,2892.00
916,1,6215,3120,5,3095.00,15475.00
917,1,7331,83757,3,1073.00,3219.00
918,1,6231,83941,1,680.00,680.00
919,1,8352,85011,2,3976.00,7952.00
920,1,7552,5184,3,1555.00,4665.00
921,1,6528,63556,1,4865.00,4865.00
922,1,6728,48200,3,1956.00,5868.00
923,1,6275,69923,1,1320.00,1320.00
924,1,6989,60231,2,1393.00,2786.00
925,1,8894,62400,3,640.00,1920.00
926,1,7453,29534,4,3327.00,13308.00
927,1,7501,52764,2,4392.00,8784.00
928,1,8679,7156,4,3136.00,12544.00
929,1,8357,50796,4,2924.00,11696.00
930,1,6432,80871,4,2517.00,10068.00
931,1,8324,24792,5,3654.00,18270.00
932,1,6952,85882,1,1092.00,1092.00
933,1,6587,85475,1,1112.00,1112.00
934,1,7071,2529,2,1727.00,3454.00
935,1,8981,54345,2,3089.00,6178.00
936,1,6778,44005,1,3441.00,3441.00
937,1,7745,38957,2,797.00,1594.00
938,1,7261,32762,2,1168.00,2336.00
939,1,8177,33263,5,3101.00,15505.00
940,1,8692,65392,4,3459.00,13836.00
941,1,7820,57475,3,2287.00,6861.00
942,1,6103,58455,3,1818.00,5454.00
943,1,8566,30676,4,4475.00,17900.00
944,1,7042,56467,1,574.00,574.00
945,1,6415,47806,4,1824.00,7296.00
946,1,8411,32526,4,2828.00,11312.00
947,1,6033,85901,3,4726.00,14178.00
948,1,6514,22160,4,4743.00,18972.00
949,1,6929,39051,4,727.00,2908.00
950,1,8490,8315,1,4687.00,4687.00
951,1,6776,50543,4,3128.00,12512.00
952,1,5902,79848,2,1824.00,3648.00
953,1,5639,68862,4,2579.00,10316.00
954,1,6126,70886,1,3672.00,3672.00
955,1,5744,13210,3,4349.00,13047.00
956,1,8636,82316,2,570.00,1140.00
957,1,8162,68011,4,3014.00,12056.00
958,1,7867,44140,5,4317.00,21585.00
959,1,6600,15682,3,506.00,1518.00
960,1,8438,4610,1,2079.00,2079.00
961,1,8316,17932,1,1363.00,1363.00
962,1,7853,26105,3,2015.00,6045.00
963,1,5654,47159,4,3861.00,15444.00
964,1,7074,70672,1,2876.00,2876.00
965,1,8246,5287,5,2397.00,11985.00
966,1,7536,17616,4,496.00,1984.00
967,1,6850,65948,3,716.00,2148.00
968,1,6518,60386,3,2159.00,6477.00
969,1,6903,85258,3,1002.00,3006.00
970,1,7066,76737,1,881.00,881.00
971,1,8964,61543,2,314.00,628.00
972,1,7176,38952,3,3494.00,10482.00
973,1,5995,71676,2,3271.00,6542.00
974,1,6189,24627,2,1118.00,2236.00
975,1,7001,89750,4,1912.00,7648.00
976,1,5787,65216,2,3832.00,7664.00
977,1,6013,20491,5,1456.00,7280.00
978,1,6339,26204,5,1888.00,9440.00
979,1,6542,18717,3,4803.00,14409.00
980,1,6362,24772,4,3625.00,14500.00
981,1,8136,48020,2,1755.00,3510.00
982,1,8716,72079,2,2377.00,4754.00
983,1,6509,86314,3,3121.00,9363.00
984,1,8556,59101,1,1665.00,1665.00
985,1,7722,85638,5,150.00,750.00
986,1,8784,2881,2,2613.00,5226.00
987,1,7125,46608,1,1640.00,1640.00
988,1,6275,10021,3,1320.00,3960.00
989,1,7756,46361,3,4307.00,12921.00
990,1,8772,63022,5,3537.00,17685.00
991,1,8284,76259,3,4455.00,13365.00
992,1,6586,69747,3,3791.00,11373.00
993,1,7357,67491,4,3198.00,12792.00
994,1,5857,69037,5,1795.00,8975.00
995,1,6411,78183,3,2020.00,6060.00
996,1,8974,25962,2,4640.00,9280.00
997,1,8369,2527,4,4173.00,16692.00
998,1,7077,49020,4,2314.00,9256.00
999,1,5963,73892,3,1205.00,3615.00
1000,1,7414,16413,5,1866.00,9330.00
1001,1,6464,21827,4,4954.00,19816.00
1002,1,8146,2723,1,2768.00,2768.00
1003,1,5735,49098,3,1843.00,5529.00
1004,1,6610,7765,4,1539.00,6156.00
1005,1,6835,3172,3,1513.00,4539.00
1006,1,6719,38334,5,4217.00,21085.00
1007,1,7427,35744,4,1845.00,7380.00
1008,1,5806,9401,2,3404.00,6808.00
1009,1,5769,31735,1,1380.00,1380.00
1010,1,6310,2619,4,167.00,668.00
1011,1,6337,77074,2,3709.00,7418.00
1012,1,7422,76329,4,2876.00,11504.00
1013,1,6778,16239,1,3441.00,3441.00
1014,1,8586,16721,5,3554.00,17770.00
1015,1,8844,41611,5,3496.00,17480.00
1016,1,7088,78480,3,4432.00,13296.00
1017,1,5995,14722,2,3271.00,6542.00
1018,1,8079,67496,4,4079.00,16316.00
1019,1,6575,1137,5,2483.00,12415.00
1020,1,7852,6984,5,70.00,350.00
1021,1,7350,73292,3,2309.00,6927.00
1022,1,7293,39935,2,1826.00,3652.00
1023,1,6535,63506,5,895.00,4475.00
1024,1,7626,1356,2,1204.00,2408.00
1025,1,8888,26036,5,4433.00,22165.00
1026,1,7625,21937,5,4466.00,22330.00
1027,1,8947,12594,4,2257.00,9028.00
1028,1,8885,11474,3,2901.00,8703.00
1029,1,8385,11959,1,1735.00,1735.00
1030,1,7680,25516,2,973.00,1946.00
1031,1,7024,68364,2,4383.00,8766.00
1032,1,8301,58731,4,1594.00,6376.00
1033,1,6587,43673,3,1112.00,3336.00
1034,1,6914,76787,1,3569.00,3569.00
1035,1,6591,20742,1,709.00,709.00
1036,1,7172,333,1,2824.00,2824.00
1037,1,5998,26410,1,1745.00,1745.00
1038,1,7655,59903,5,1665.00,8325.00
1039,1,7490,24794,2,2409.00,4818.00
1040,1,5770,28277,3,80.00,240.00
1041,1,7509,85361,2,2122.00,4244.00
1042,1,6038,23399,4,1436.00,5744.00
1043,1,8631,3109,3,1717.00,5151.00
1044,1,8566,86023,4,4475.00,17900.00
1045,1,6998,41322,1,764.00,764.00
1046,1,7206,50352,3,2872.00,8616.00
1047,1,8692,32228,4,3459.00,13836.00
1048,1,7172,41840,3,2824.00,8472.00
1049,1,8851,48955,5,111.00,555.00
1050,1,8037,11577,2,1765.00,3530.00
1051,1,6897,70385,4,4787.00,19148.00
1052,1,5600,12625,5,3210.00,16050.00
1053,1,7031,71555,2,1513.00,3026.00
1054,1,8858,30179,2,4908.00,9816.00
1055,1,7504,4853,3,3865.00,11595.00
1056,1,7714,19524,3,1667.00,5001.00
1057,1,7214,13962,4,447.00,1788.00
1058,1,6166,73032,4,3917.00,15668.00
1059,1,5660,60379,2,1755.00,3510.00
1060,1,8620,89949,5,2982.00,14910.00
1061,1,8992,77255,1,474.00,474.00
1062,1,6200,17771,2,3041.00,6082.00
1063,1,7951,71422,4,3892.00,15568.00
1064,1,8910,60264,5,3698.00,18490.00
1065,1,7528,68619,3,2523.00,7569.00
1066,1,8067,47397,2,1814.00,3628.00
1067,1,8798,82992,3,1864.00,5592.00
1068,1,6874,5987,1,2817.00,2817.00
1069,1,8064,12385,4,58.00,232.00
1070,1,6323,39464,1,3461.00,3461.00
1071,1,6530,48919,5,3602.00,18010.00
1072,1,6595,32274,2,3443.00,6886.00
1073,1,6538,9475,1,2256.00,2256.00
1074,1,7658,47764,4,4488.00,17952.00
1075,1,7850,54481,1,164.00,164.00
1076,1,6078,54214,1,2684.00,2684.00
1077,1,8338,14293,3,3386.00,10158.00
1078,1,6597,65569,2,3639.00,7278.00
1079,1,7513,55125,5,1319.00,6595.00
1080,1,5624,72970,4,1621.00,6484.00
1081,1,5839,22973,4,3470.00,13880.00
1082,1,8975,54435,5,4139.00,20695.00
1083,1,7756,23408,2,4307.00,8614.00
1084,1,8667,80291,2,1469.00,2938.00
1085,1,8918,58690,2,2420.00,4840.00
1086,1,7976,87469,3,3490.00,10470.00
1087,1,8264,44666,3,1183.00,3549.00
1088,1,7261,84423,3,1168.00,3504.00
1089,1,5602,6743,4,215.00,860.00
1090,1,6504,61398,5,4418.00,22090.00
1091,1,8318,10146,4,4610.00,18440.00
1092,1,8104,89742,1,2176.00,2176.00
1093,1,6279,39837,5,2128.00,10640.00
1094,1,6970,77869,1,4329.00,4329.00
1095,1,8284,25354,1,4455.00,4455.00
1096,1,5864,55780,4,4337.00,17348.00
1097,1,6518,69869,1,2159.00,2159.00
1098,1,8064,55486,4,58.00,232.00
1099,1,6362,74458,4,3625.00,14500.00
1100,1,8266,63418,3,657.00,1971.00
1101,1,6087,45091,4,2008.00,8032.00
1102,1,5602,56685,1,215.00,215.00
1103,1,7641,51109,2,3189.00,6378.00
1104,1,7342,21407,1,2062.00,2062.00
1105,1,8239,80480,5,4986.00,24930.00
1106,1,8484,68870,4,4365.00,17460.00
1107,1,6189,30731,3,1118.00,3354.00
1108,1,8224,28904,4,75.00,300.00
1109,1,8352,35149,1,3976.00,3976.00
1110,1,8392,29450,2,4341.00,8682.00
1111,1,7217,78770,1,715.00,715.00
1112,1,8285,3482,4,4213.00,16852.00
1113,1,6713,17268,4,3335.00,13340.00
1114,1,7776,77296,5,4420.00,22100.00
1115,1,7152,40525,5,2641.00,13205.00
1116,1,7629,66628,5,4214.00,21070.00
1117,1,8025,64915,2,4688.00,9376.00
1118,1,7896,31416,5,3911.00,19555.00
1119,1,6301,26575,4,2446.00,9784.00
1120,1,7796,34452,5,3527.00,17635.00
1121,1,7633,54013,5,3635.00,18175.00
1122,1,7833,70944,2,426.00,852.00
1123,1,6204,32968,5,4152.00,20760.00
1124,1,6619,26157,2,3682.00,7364.00
1125,1,8382,53262,2,3712.00,7424.00
1126,1,8188,15569,4,3539.00,14156.00
1127,1,7829,21287,1,3757.00,3757.00
1128,1,5941,17888,1,3577.00,3577.00
1129,1,7888,37349,4,2561.00,10244.00
1130,1,8094,12341,4,858.00,3432.00
1131,1,7572,71896,2,3681.00,7362.00
1132,1,8587,83425,5,145.00,725.00
1133,1,7628,50174,5,2372.00,11860.00
1134,1,5799,1708,4,3939.00,15756.00
1135,1,6367,17141,3,3030.00,9090.00
1136,1,7606,81585,3,2228.00,6684.00
1137,1,8501,89352,2,1814.00,3628.00
1138,1,6728,74950,4,1956.00,7824.00
1139,1,7186,43311,1,2691.00,2691.00
1140,1,6748,77689,5,2821.00,14105.00
1141,1,7332,7560,4,3331.00,13324.00
1142,1,6486,34782,3,434.00,1302.00
1143,1,6147,89509,5,1026.00,5130.00
1144,1,8901,20547,2,3308.00,6616.00
1145,1,7159,74809,5,4352.00,21760.00
1146,1,6956,39363,4,994.00,3976.00
1147,1,6984,86682,1,3325.00,3325.00
1148,1,8600,64804,1,4009.00,4009.00
1149,1,6525,48691,5,113.00,565.00
1150,1,8708,78695,1,3089.00,3089.00
1151,1,6253,9323,1,1763.00,1763.00
1152,1,8540,2648,3,1494.00,4482.00
1153,1,7146,17951,4,2797.00,11188.00
1154,1,6160,7091,1,93.00,93.00
1155,1,6652,17175,1,58.00,58.00
1156,1,7987,7988,5,1535.00,7675.00
1157,1,7928,87569,4,3451.00,13804.00
1158,1,5864,25244,1,4337.00,4337.00
1159,1,7960,394,4,321.00,1284.00
1160,1,6725,6231,5,4797.00,23985.00
1161,1,8492,61657,4,4091.00,16364.00
1162,1,5600,47305,3,3210.00,9630.00
1163,1,7759,8496,5,1907.00,9535.00
1164,1,6983,71771,5,1774.00,8870.00
1165,1,8712,73078,2,3036.00,6072.00
1166,1,6743,46974,1,3841.00,3841.00
1167,1,8826,19053,3,2690.00,8070.00
1168,1,5600,78377,2,3210.00,6420.00
1169,1,8233,46024,5,1789.00,8945.00
1170,1,7119,88720,2,2613.00,5226.00
1171,1,7815,6008,5,1846.00,9230.00
1172,1,6071,80196,4,2002.00,8008.00
1173,1,5910,8458,2,4876.00,9752.00
1174,1,7892,89114,4,560.00,2240.00
1175,1,8359,87647,3,1590.00,4770.00
1176,1,6369,59946,1,810.00,810.00
1177,1,7294,44177,5,2214.00,11070.00
1178,1,8177,18677,5,3101.00,15505.00
1179,1,6610,24737,3,1539.00,4617.00
1180,1,6357,3961,4,2732.00,10928.00
1181,1,5971,37276,5,1268.00,6340.00
1182,1,6707,16343,1,4743.00,4743.00
1183,1,7028,39395,2,2619.00,5238.00
1184,1,5975,5532,1,1228.00,1228.00
1185,1,7820,28924,2,2287.00,4574.00
1186,1,8410,60026,1,2669.00,2669.00
1187,1,7110,14842,1,4974.00,4974.00
1188,1,8769,58969,5,3913.00,19565.00
1189,1,7378,17272,2,4270.00,8540.00
1190,1,7033,52619,3,540.00,1620.00
1191,1,6854,50501,3,1863.00,5589.00
1192,1,5872,83394,3,196.00,588.00
1193,1,5787,20311,3,3832.00,11496.00
1194,1,8012,85816,1,4606.00,4606.00
1195,1,5787,56133,5,3832.00,19160.00
1196,1,6181,37876,3,986.00,2958.00
1197,1,8668,24025,3,176.00,528.00
1198,1,7338,78822,4,57.00,228.00
1199,1,6814,50471,4,2797.00,11188.00
1200,1,7761,79923,1,4701.00,4701.00
1201,1,8352,53363,1,3976.00,3976.00
1202,1,8431,26437,1,294.00,294.00
1203,1,7403,10986,2,4216.00,8432.00
1204,1,7584,42647,4,1453.00,5812.00
1205,1,8532,54034,3,937.00,2811.00
1206,1,5804,27311,1,387.00,387.00
1207,1,8087,3490,4,2732.00,10928.00
1208,1,8590,41231,3,1179.00,3537.00
1209,1,6602,16789,4,565.00,2260.00
1210,1,7380,16990,4,1461.00,5844.00
1211,1,6666,89011,1,296.00,296.00
1212,1,7088,12026,5,4432.00,22160.00
1213,1,6013,8845,1,1456.00,1456.00
1214,1,6914,45648,2,3569.00,7138.00
1215,1,7501,45257,4,4392.00,17568.00
1216,1,6097,27879,1,449.00,449.00
1217,1,8624,7192,2,3573.00,7146.00
1218,1,6882,27440,3,2740.00,8220.00
1219,1,8347,9055,4,4404.00,17616.00
1220,1,7132,18273,5,1784.00,8920.00
1221,1,8895,63524,1,1729.00,1729.00
1222,1,6231,48690,3,680.00,2040.00
1223,1,7878,22156,2,3273.00,6546.00
1224,1,8694,12008,5,1304.00,6520.00
1225,1,8370,14400,5,2061.00,10305.00
1226,1,5963,26502,1,1205.00,1205.00
1227,1,6833,45707,1,1482.00,1482.00
1228,1,8881,56329,2,2296.00,4592.00
1229,1,6413,54053,1,2812.00,2812.00
1230,1,5960,88196,3,1126.00,3378.00
1231,1,7215,58112,1,2535.00,2535.00
1232,1,6147,31121,3,1026.00,3078.00
1233,1,5731,62933,2,2178.00,4356.00
1234,1,8324,956,2,3654.00,7308.00
1235,1,8094,35933,5,858.00,4290.00
1236,1,7480,65600,1,1952.00,1952.00
1237,1,6080,63852,1,3004.00,3004.00
1238,1,7524,8051,2,3627.00,7254.00
1239,1,6003,51334,4,1641.00,6564.00
1240,1,8300,30197,5,4712.00,23560.00
1241,1,8818,13895,4,548.00,2192.00
1242,1,5909,38819,4,1235.00,4940.00
1243,1,6303,4938,1,2098.00,2098.00
1244,1,8921,55265,5,473.00,2365.00
1245,1,8655,32950,5,3957.00,19785.00
1246,1,8399,69823,5,563.00,2815.00
1247,1,6663,66222,1,3833.00,3833.00
1248,1,6008,11776,3,648.00,1944.00
1249,1,8716,47155,2,2377.00,4754.00
1250,1,6450,6724,3,2741.00,8223.00
1251,1,6774,39051,4,4844.00,19376.00
1252,1,6912,84199,1,1449.00,1449.00
1253,1,8280,71453,4,490.00,1960.00
1254,1,7669,76645,1,2067.00,2067.00
1255,1,8092,89844,1,1942.00,1942.00
1256,1,6956,56469,3,994.00,2982.00
1257,1,7437,17414,5,2483.00,12415.00
1258,1,7616,37989,5,1770.00,8850.00
1259,1,8374,3769,5,3037.00,15185.00
1260,1,7537,20102,4,1811.00,7244.00
1261,1,7598,37842,2,109.00,218.00
1262,1,8192,85138,1,2559.00,2559.00
1263,1,6199,43826,3,2746.00,8238.00
1264,1,6630,60024,3,1621.00,4863.00
1265,1,6453,37171,1,1318.00,1318.00
1266,1,6938,39531,2,3308.00,6616.00
1267,1,7439,51280,4,2279.00,9116.00
1268,1,8628,35788,1,1681.00,1681.00
1269,1,7244,19357,2,4243.00,8486.00
1270,1,8976,74025,3,3289.00,9867.00
1271,1,6909,43000,3,3620.00,10860.00
1272,1,7680,17550,5,973.00,4865.00
1273,1,6485,22178,3,2909.00,8727.00
1274,1,6157,89617,4,218.00,872.00
1275,1,8299,57818,3,3078.00,9234.00
1276,1,6365,38264,1,1954.00,1954.00
1277,1,6601,79388,2,4661.00,9322.00
1278,1,8603,60307,1,509.00,509.00
1279,1,7362,10341,3,1101.00,3303.00
1280,1,8477,83303,2,1235.00,2470.00
1281,1,8959,55581,1,2188.00,2188.00
1282,1,6866,26635,2,2869.00,5738.00
1283,1,5927,3231,1,897.00,897.00
1284,1,7553,64293,2,3646.00,7292.00
1285,1,5794,87141,4,314.00,1256.00
1286,1,6521,6513,5,2873.00,14365.00
1287,1,7173,46368,4,3630.00,14520.00
1288,1,6220,29231,4,1015.00,4060.00
1289,1,5956,5924,5,2731.00,13655.00
1290,1,6023,44868,5,1040.00,5200.00
1291,1,8107,44279,3,4168.00,12504.00
1292,1,7840,6532,2,3143.00,6286.00
1293,1,6334,28924,3,3008.00,9024.00
1294,1,8712,23664,5,3036.00,15180.00
1295,1,7218,47301,5,3326.00,16630.00
1296,1,7840,73839,5,3143.00,15715.00
1297,1,6442,46967,1,4387.00,4387.00
1298,1,7505,26114,5,2989.00,14945.00
1299,1,8681,65392,3,2170.00,6510.00
1300,1,6194,20381,1,3580.00,3580.00
1301,1,5966,39624,5,1318.00,6590.00
1302,1,8708,2360,1,3089.00,3089.00
1303,1,6991,41176,3,1119.00,3357.00
1304,1,8711,63757,2,3391.00,6782.00
